{
  "version": "0.2",
  "language": "en,ar",
  "words": [
    "walhakni",
    "والحقني",
    "بالصالحين",
    "تطبيق",
    "النساء",
    "المسلمات",
    "إضافته",
    "مرحباً",
    "الأحاديث",
    "النبوية",
    "المكتبة",
    "الإسلامية",
    "مميزات",
    "التطبيق",
    "أحاديث",
    "مصنفة",
    "تصفح",
    "الأئمة",
    "مجتمع",
    "نسائي",
    "منتديات",
    "للنقاش",
    "الهادف",
    "ليلي",
    "راحة",
    "لعينيك",
    "الليل",
    "البريد",
    "الإلكتروني",
    "كلمة",
    "المرور",
    "إعدادات",
    "الخصوصية",
    "الإشعارات",
    "لوحة",
    "التحكم",
    "Tajawal",
    "SliverAppBar",
    "FlexibleSpaceBar",
    "CustomScrollView",
    "SliverToBoxAdapter",
    "ChangeNotifierProvider",
    "MultiProvider",
    "ThemeService",
    "AppThemes",
    "AppColors",
    "main",
    "runApp",
    "MaterialApp",
    "StatelessWidget",
    "BuildContext",
    "super",
    "key",
    "override",
    "Widget",
    "build",
    "return",
    "const",
    "final",
    "import",
    "package",
    "flutter",
    "dart",
    "provider",
    "theme",
    "darkTheme",
    "themeMode",
    "debugShowCheckedModeBanner",
    "home"
  ],
  "ignorePaths": [
    "**/node_modules/**",
    "**/build/**",
    "**/.dart_tool/**",
    "**/pubspec.lock"
  ],
  "dictionaries": [
    "flutter",
    "dart"
  ],
  "dictionaryDefinitions": [
    {
      "name": "flutter",
      "path": "https://raw.githubusercontent.com/flutter/cocoon/main/dictionary/flutter.txt",
      "description": "Flutter related words"
    },
    {
      "name": "dart",
      "path": "https://raw.githubusercontent.com/dart-lang/sdk/main/pkg/analysis_server/tool/spec/dart_words.txt",
      "description": "Dart SDK words"
    }
  ]
}